"Artist","Option 1","Option 2","Option 3","Option 4","Option 5"
"a.perfect.circle","tool","system.of.a.down","dredg","incubus","metallica"
"abba","the.beatles","madonna","queen","coldplay","robbie.williams"
"ac.dc","red.hot.chili.peppers","metallica","rammstein","die.toten.hosen","the.beatles"
"adam.green","coldplay","radiohead","the.beatles","the.kooks","foo.fighters"
"aerosmith","metallica","red.hot.chili.peppers","ac.dc","jack.johnson","linkin.park"
"afi","rise.against","billy.talent","system.of.a.down","fall.out.boy","linkin.park"
"air","coldplay","massive.attack","radiohead","goldfrapp","portishead"
"alanis.morissette","red.hot.chili.peppers","coldplay","tori.amos","jack.johnson","alicia.keys"
"alexisonfire","rise.against","atreyu","killswitch.engage","billy.talent","underoath"
"alicia.keys","beyonce","amy.winehouse","red.hot.chili.peppers","norah.jones","rihanna"
"all.that.remains","as.i.lay.dying","heaven.shall.burn","killswitch.engage","bullet.for.my.valentine","in.flames"
"amon.amarth","in.flames","equilibrium","ensiferum","metallica","die.apokalyptischen.reiter"
"amy.macdonald","coldplay","amy.winehouse","peter.fox","the.kooks","maria.mena"
"amy.winehouse","jack.johnson","coldplay","the.killers","norah.jones","the.kooks"
"anti.flag","rise.against","die.toten.hosen","billy.talent","nofx","bad.religion"
"aphex.twin","portishead","bjork","radiohead","boards.of.canada","depeche.mode"
"apocalyptica","metallica","rammstein","subway.to.sally","in.extremo","system.of.a.down"
"arcade.fire","the.shins","bloc.party","radiohead","the.killers","belle.and.sebastian"
"arch.enemy","in.flames","children.of.bodom","slayer","amon.amarth","subway.to.sally"
"arctic.monkeys","the.killers","the.kooks","bloc.party","mando.diao","muse"
"as.i.lay.dying","killswitch.engage","heaven.shall.burn","in.flames","atreyu","parkway.drive"
"atb","scooter","nelly.furtado","rihanna","daft.punk","the.prodigy"
"atreyu","as.i.lay.dying","rise.against","killswitch.engage","bullet.for.my.valentine","linkin.park"
"audioslave","linkin.park","red.hot.chili.peppers","foo.fighters","rage.against.the.machine","pearl.jam"
"avril.lavigne","linkin.park","evanescence","coldplay","nightwish","system.of.a.down"
"babyshambles","arctic.monkeys","the.kooks","the.libertines","the.killers","death.cab.for.cutie"
"bad.religion","rise.against","red.hot.chili.peppers","die.toten.hosen","nofx","the.offspring"
"beastie.boys","bloc.party","red.hot.chili.peppers","the.chemical.brothers","daft.punk","massive.attack"
"beatsteaks","billy.talent","red.hot.chili.peppers","foo.fighters","linkin.park","arctic.monkeys"
"beck","radiohead","modest.mouse","death.cab.for.cutie","the.white.stripes","coldplay"
"beirut","the.decemberists","the.shins","death.cab.for.cutie","radiohead","modest.mouse"
"belle.and.sebastian","arcade.fire","the.shins","radiohead","the.decemberists","sufjan.stevens"
"beyonce","rihanna","christina.aguilera","the.pussycat.dolls","alicia.keys","nelly.furtado"
"billy.talent","linkin.park","system.of.a.down","red.hot.chili.peppers","beatsteaks","rise.against"
"bjork","portishead","air","coldplay","feist","radiohead"
"black.eyed.peas","linkin.park","rihanna","christina.aguilera","coldplay","the.pussycat.dolls"
"black.sabbath","metallica","rammstein","ac.dc","iron.maiden","motorhead"
"blind.guardian","iron.maiden","rammstein","subway.to.sally","metallica","in.extremo"
"blink.182","sum.41","billy.talent","the.offspring","linkin.park","red.hot.chili.peppers"
"bloc.party","the.killers","coldplay","arctic.monkeys","the.kooks","death.cab.for.cutie"
"bloodhound.gang","red.hot.chili.peppers","the.offspring","system.of.a.down","linkin.park","metallica"
"blur","bloc.party","the.beatles","the.killers","radiohead","the.kooks"
"boards.of.canada","air","coldplay","massive.attack","radiohead","thievery.corporation"
"bob.dylan","the.beatles","the.rolling.stones","radiohead","johnny.cash","the.doors"
"bob.marley","red.hot.chili.peppers","system.of.a.down","nirvana","die.toten.hosen","linkin.park"
"bob.marley...the.wailers","bob.marley","johnny.cash","jack.johnson","the.prodigy","the.rolling.stones"
"breaking.benjamin","linkin.park","disturbed","billy.talent","papa.roach","sum.41"
"bright.eyes","radiohead","death.cab.for.cutie","interpol","modest.mouse","bloc.party"
"bring.me.the.horizon","as.i.lay.dying","parkway.drive","atreyu","heaven.shall.burn","killswitch.engage"
"britney.spears","rihanna","the.pussycat.dolls","christina.aguilera","lady.gaga","pink"
"bruce.springsteen","u2","the.killers","coldplay","eric.clapton","robbie.williams"
"bullet.for.my.valentine","linkin.park","system.of.a.down","rammstein","billy.talent","metallica"
"caliban","as.i.lay.dying","killswitch.engage","heaven.shall.burn","atreyu","parkway.drive"
"cascada","linkin.park","groove.coverage","scooter","nelly.furtado","lady.gaga"
"cat.power","radiohead","coldplay","air","bloc.party","sufjan.stevens"
"children.of.bodom","in.flames","rammstein","amon.amarth","equilibrium","ensiferum"
"chimaira","slipknot","as.i.lay.dying","killswitch.engage","rammstein","heaven.shall.burn"
"christina.aguilera","rihanna","coldplay","linkin.park","pink","the.pussycat.dolls"
"clueso","coldplay","jack.johnson","the.kooks","deichkind","linkin.park"
"cocorosie","feist","kings.of.leon","radiohead","air","hot.chip"
"coldplay","red.hot.chili.peppers","jack.johnson","muse","the.killers","linkin.park"
"crystal.castles","mgmt","the.killers","digitalism","kings.of.leon","bloc.party"
"cypress.hill","bob.marley","eminem","the.prodigy","seeed","system.of.a.down"
"daft.punk","deichkind","air","justice","the.prodigy","digitalism"
"damien.rice","coldplay","radiohead","feist","jack.johnson","placebo"
"dark.tranquillity","amon.amarth","in.flames","eluveitie","killswitch.engage","slipknot"
"david.bowie","the.beatles","the.rolling.stones","feist","joy.division","the.cure"
"david.guetta","linkin.park","rihanna","deichkind","kanye.west","timbaland"
"death.cab.for.cutie","bloc.party","coldplay","the.killers","the.kooks","radiohead"
"deep.purple","led.zeppelin","pink.floyd","ac.dc","black.sabbath","jimi.hendrix"
"deftones","a.perfect.circle","incubus","system.of.a.down","nine.inch.nails","foo.fighters"
"deichkind","linkin.park","arctic.monkeys","clueso","rammstein","red.hot.chili.peppers"
"depeche.mode","rammstein","coldplay","the.beatles","placebo","red.hot.chili.peppers"
"dido","madonna","coldplay","katie.melua","james.blunt","robbie.williams"
"die.apokalyptischen.reiter","equilibrium","ensiferum","subway.to.sally","in.flames","amon.amarth"
"die.toten.hosen","red.hot.chili.peppers","rammstein","linkin.park","system.of.a.down","the.offspring"
"digitalism","daft.punk","deichkind","radiohead","justice","mgmt"
"dimmu.borgir","amon.amarth","children.of.bodom","rammstein","in.flames","metallica"
"dire.straits","red.hot.chili.peppers","die.toten.hosen","pink.floyd","the.beatles","the.rolling.stones"
"disturbed","system.of.a.down","slipknot","linkin.park","in.flames","rammstein"
"dream.theater","metallica","tool","nightwish","system.of.a.down","porcupine.tree"
"dredg","a.perfect.circle","radiohead","tool","bloc.party","billy.talent"
"dropkick.murphys","red.hot.chili.peppers","die.toten.hosen","schandmaul","nofx","flogging.molly"
"duffy","amy.winehouse","rihanna","incubus","coldplay","beyonce"
"editors","bloc.party","the.killers","kings.of.leon","interpol","death.cab.for.cutie"
"eels","muse","radiohead","the.white.stripes","bright.eyes","portishead"
"elliott.smith","the.beatles","sufjan.stevens","the.shins","death.cab.for.cutie","radiohead"
"eluveitie","equilibrium","finntroll","amon.amarth","ensiferum","korpiklaani"
"elvis.presley","the.beatles","johnny.cash","die.toten.hosen","abba","robbie.williams"
"eminem","linkin.park","limp.bizkit","justin.timberlake","red.hot.chili.peppers","kanye.west"
"ensiferum","equilibrium","die.apokalyptischen.reiter","amon.amarth","subway.to.sally","finntroll"
"enter.shikari","rise.against","atreyu","killswitch.engage","fall.out.boy","bullet.for.my.valentine"
"equilibrium","ensiferum","die.apokalyptischen.reiter","amon.amarth","eluveitie","in.flames"
"eric.clapton","the.rolling.stones","the.beatles","red.hot.chili.peppers","bob.dylan","jimi.hendrix"
"evanescence","linkin.park","rammstein","nightwish","bullet.for.my.valentine","avril.lavigne"
"faithless","moby","massive.attack","air","the.chemical.brothers","depeche.mode"
"fall.out.boy","billy.talent","linkin.park","bullet.for.my.valentine","sum.41","green.day"
"farin.urlaub","system.of.a.down","die.toten.hosen","rammstein","red.hot.chili.peppers","linkin.park"
"feist","coldplay","bloc.party","air","radiohead","the.kooks"
"finntroll","subway.to.sally","ensiferum","in.extremo","eluveitie","equilibrium"
"flogging.molly","red.hot.chili.peppers","dropkick.murphys","billy.talent","beatsteaks","in.extremo"
"flyleaf","linkin.park","evanescence","billy.talent","paramore","my.chemical.romance"
"foo.fighters","red.hot.chili.peppers","linkin.park","beatsteaks","coldplay","incubus"
"frank.sinatra","air","red.hot.chili.peppers","amy.winehouse","the.white.stripes","jack.johnson"
"franz.ferdinand","mando.diao","arctic.monkeys","the.killers","coldplay","the.beatles"
"funeral.for.a.friend","rise.against","silverstein","fall.out.boy","linkin.park","atreyu"
"genesis","die.toten.hosen","queen","pink.floyd","depeche.mode","coldplay"
"gentleman","seeed","bob.marley","deichkind","red.hot.chili.peppers","coldplay"
"godsmack","disturbed","system.of.a.down","slipknot","in.flames","metallica"
"goldfrapp","air","portishead","moby","coldplay","radiohead"
"good.charlotte","linkin.park","billy.talent","green.day","simple.plan","system.of.a.down"
"gorillaz","coldplay","red.hot.chili.peppers","system.of.a.down","the.prodigy","seeed"
"green.day","die.toten.hosen","linkin.park","red.hot.chili.peppers","billy.talent","the.offspring"
"groove.coverage","cascada","scooter","rammstein","linkin.park","atb"
"guano.apes","nirvana","linkin.park","placebo","system.of.a.down","red.hot.chili.peppers"
"guns.n.roses","metallica","red.hot.chili.peppers","die.toten.hosen","queen","depeche.mode"
"hammerfall","metallica","blind.guardian","subway.to.sally","in.flames","in.extremo"
"hans.zimmer","linkin.park","system.of.a.down","howard.shore","queen","billy.talent"
"hatebreed","rammstein","as.i.lay.dying","system.of.a.down","caliban","heaven.shall.burn"
"heaven.shall.burn","as.i.lay.dying","in.flames","all.that.remains","parkway.drive","caliban"
"him","evanescence","linkin.park","rammstein","system.of.a.down","marilyn.manson"
"hoobastank","linkin.park","rise.against","sum.41","evanescence","billy.talent"
"hot.chip","death.cab.for.cutie","bloc.party","mgmt","joy.division","feist"
"howard.shore","rammstein","hans.zimmer","queen","metallica","nightwish"
"in.extremo","subway.to.sally","rammstein","schandmaul","nightwish","system.of.a.down"
"in.flames","rammstein","system.of.a.down","metallica","children.of.bodom","slipknot"
"incubus","system.of.a.down","red.hot.chili.peppers","foo.fighters","coldplay","linkin.park"
"interpol","bloc.party","death.cab.for.cutie","radiohead","modest.mouse","editors"
"iron.maiden","metallica","rammstein","blind.guardian","in.flames","ac.dc"
"jack.johnson","red.hot.chili.peppers","coldplay","the.kooks","arctic.monkeys","clueso"
"james.blunt","coldplay","jack.johnson","red.hot.chili.peppers","linkin.park","amy.winehouse"
"james.morrison","coldplay","jason.mraz","jack.johnson","the.killers","maria.mena"
"jamiroquai","air","coldplay","massive.attack","feist","jack.johnson"
"jason.mraz","coldplay","jack.johnson","red.hot.chili.peppers","james.morrison","amy.winehouse"
"jay.z","kanye.west","timbaland","eminem","jack.johnson","rihanna"
"jimi.hendrix","the.doors","the.beatles","the.rolling.stones","led.zeppelin","red.hot.chili.peppers"
"jimmy.eat.world","blink.182","bloc.party","fall.out.boy","rise.against","the.killers"
"johnny.cash","the.beatles","red.hot.chili.peppers","metallica","the.white.stripes","nirvana"
"jose.gonzalez","radiohead","feist","coldplay","sufjan.stevens","air"
"joy.division","the.cure","death.cab.for.cutie","hot.chip","david.bowie","the.smiths"
"judas.priest","iron.maiden","ac.dc","metallica","kreator","motorhead"
"justice","daft.punk","deichkind","bloc.party","mgmt","digitalism"
"justin.timberlake","timbaland","rihanna","nelly.furtado","kanye.west","linkin.park"
"kaiser.chiefs","the.killers","muse","bloc.party","mando.diao","the.kooks"
"kanye.west","timbaland","linkin.park","rihanna","justin.timberlake","deichkind"
"kate.nash","the.kooks","coldplay","amy.winehouse","arctic.monkeys","the.killers"
"katie.melua","dido","norah.jones","amy.winehouse","snow.patrol","jack.johnson"
"katy.perry","rihanna","lady.gaga","christina.aguilera","linkin.park","the.pussycat.dolls"
"keane","coldplay","the.killers","the.kooks","travis","amy.winehouse"
"kelly.clarkson","nelly.furtado","christina.aguilera","avril.lavigne","pink","leona.lewis"
"killswitch.engage","as.i.lay.dying","disturbed","in.flames","bullet.for.my.valentine","atreyu"
"kings.of.convenience","feist","coldplay","air","radiohead","damien.rice"
"kings.of.leon","arctic.monkeys","coldplay","the.killers","mando.diao","bloc.party"
"korpiklaani","subway.to.sally","finntroll","ensiferum","die.apokalyptischen.reiter","schandmaul"
"kreator","slayer","ensiferum","amon.amarth","iron.maiden","in.flames"
"lacuna.coil","nightwish","evanescence","in.extremo","schandmaul","subway.to.sally"
"lady.gaga","katy.perry","rihanna","leona.lewis","britney.spears","linkin.park"
"led.zeppelin","the.beatles","jimi.hendrix","pink.floyd","the.doors","deep.purple"
"lenny.kravitz","justin.timberlake","coldplay","timbaland","jack.johnson","red.hot.chili.peppers"
"leona.lewis","rihanna","lady.gaga","kelly.clarkson","amy.winehouse","beyonce"
"lily.allen","the.kooks","kate.nash","amy.winehouse","amy.macdonald","mando.diao"
"limp.bizkit","linkin.park","rammstein","system.of.a.down","metallica","red.hot.chili.peppers"
"linkin.park","red.hot.chili.peppers","billy.talent","rammstein","system.of.a.down","limp.bizkit"
"lostprophets","linkin.park","sum.41","red.hot.chili.peppers","blink.182","billy.talent"
"machine.head","killswitch.engage","in.flames","as.i.lay.dying","heaven.shall.burn","metallica"
"madonna","robbie.williams","nelly.furtado","rihanna","coldplay","christina.aguilera"
"mando.diao","the.killers","arctic.monkeys","red.hot.chili.peppers","the.kooks","coldplay"
"manowar","metallica","iron.maiden","nightwish","blind.guardian","system.of.a.down"
"manu.chao","red.hot.chili.peppers","beatsteaks","seeed","the.beatles","nirvana"
"maria.mena","coldplay","amy.macdonald","jack.johnson","beyonce","kate.nash"
"marilyn.manson","rammstein","system.of.a.down","subway.to.sally","metallica","in.extremo"
"massive.attack","portishead","air","radiohead","coldplay","moby"
"metallica","rammstein","system.of.a.down","red.hot.chili.peppers","die.toten.hosen","linkin.park"
"mgmt","coldplay","bloc.party","the.killers","kings.of.leon","the.kooks"
"michael.jackson","red.hot.chili.peppers","linkin.park","robbie.williams","black.eyed.peas","queen"
"mika","linkin.park","jason.mraz","madonna","red.hot.chili.peppers","rihanna"
"millencolin","nofx","rise.against","system.of.a.down","the.offspring","blink.182"
"misfits","dropkick.murphys","rise.against","anti.flag","nofx","foo.fighters"
"moby","coldplay","red.hot.chili.peppers","air","goldfrapp","massive.attack"
"modest.mouse","coldplay","death.cab.for.cutie","bloc.party","radiohead","interpol"
"mogwai","radiohead","coldplay","death.cab.for.cutie","bloc.party","the.notwist"
"morcheeba","air","portishead","massive.attack","coldplay","goldfrapp"
"motorhead","metallica","iron.maiden","ac.dc","slayer","nirvana"
"muse","coldplay","red.hot.chili.peppers","arctic.monkeys","the.killers","placebo"
"my.chemical.romance","billy.talent","linkin.park","fall.out.boy","evanescence","bullet.for.my.valentine"
"nada.surf","bloc.party","death.cab.for.cutie","interpol","arctic.monkeys","the.shins"
"nelly.furtado","rihanna","justin.timberlake","coldplay","linkin.park","timbaland"
"nickelback","linkin.park","red.hot.chili.peppers","rammstein","coldplay","peter.fox"
"nightwish","rammstein","in.extremo","metallica","linkin.park","evanescence"
"nine.inch.nails","die.toten.hosen","rammstein","system.of.a.down","the.smashing.pumpkins","nirvana"
"nirvana","red.hot.chili.peppers","system.of.a.down","rammstein","metallica","the.offspring"
"nofx","rise.against","millencolin","bad.religion","dropkick.murphys","anti.flag"
"norah.jones","amy.winehouse","coldplay","jack.johnson","red.hot.chili.peppers","the.beatles"
"nouvelle.vague","air","goldfrapp","radiohead","coldplay","bjork"
"oasis","red.hot.chili.peppers","the.beatles","coldplay","the.kooks","mando.diao"
"oomph.","rammstein","evanescence","him","marilyn.manson","in.extremo"
"opeth","in.flames","metallica","rammstein","system.of.a.down","children.of.bodom"
"panic.at.the.disco","fall.out.boy","billy.talent","linkin.park","red.hot.chili.peppers","coldplay"
"papa.roach","linkin.park","billy.talent","disturbed","the.offspring","rammstein"
"paramore","linkin.park","blink.182","billy.talent","mando.diao","sum.41"
"parkway.drive","as.i.lay.dying","heaven.shall.burn","bring.me.the.horizon","all.that.remains","caliban"
"pearl.jam","red.hot.chili.peppers","nirvana","radiohead","rage.against.the.machine","johnny.cash"
"peter.fox","coldplay","seeed","red.hot.chili.peppers","linkin.park","die.toten.hosen"
"pink","evanescence","red.hot.chili.peppers","coldplay","christina.aguilera","nelly.furtado"
"pink.floyd","the.beatles","red.hot.chili.peppers","coldplay","depeche.mode","massive.attack"
"placebo","system.of.a.down","muse","rammstein","the.killers","coldplay"
"porcupine.tree","radiohead","opeth","pink.floyd","dream.theater","a.perfect.circle"
"portishead","massive.attack","radiohead","air","coldplay","goldfrapp"
"queen","rammstein","coldplay","the.beatles","die.toten.hosen","metallica"
"queens.of.the.stone.age","muse","foo.fighters","the.white.stripes","arctic.monkeys","nirvana"
"r.e.m.","coldplay","die.toten.hosen","radiohead","the.beatles","nirvana"
"radiohead","coldplay","muse","bloc.party","the.white.stripes","the.killers"
"rage.against.the.machine","system.of.a.down","nirvana","red.hot.chili.peppers","linkin.park","metallica"
"rammstein","system.of.a.down","metallica","linkin.park","die.toten.hosen","subway.to.sally"
"ramones","the.white.stripes","the.clash","nirvana","die.toten.hosen","red.hot.chili.peppers"
"razorlight","mando.diao","the.killers","kings.of.leon","the.kooks","arctic.monkeys"
"red.hot.chili.peppers","coldplay","die.toten.hosen","linkin.park","system.of.a.down","jack.johnson"
"regina.spektor","feist","coldplay","radiohead","kate.nash","amy.winehouse"
"rihanna","linkin.park","nelly.furtado","timbaland","justin.timberlake","christina.aguilera"
"rise.against","linkin.park","billy.talent","die.toten.hosen","beatsteaks","anti.flag"
"rob.zombie","rammstein","slipknot","disturbed","in.extremo","red.hot.chili.peppers"
"robbie.williams","madonna","coldplay","jack.johnson","red.hot.chili.peppers","u2"
"schandmaul","subway.to.sally","in.extremo","rammstein","system.of.a.down","nightwish"
"scooter","linkin.park","cascada","rihanna","rammstein","atb"
"seeed","peter.fox","red.hot.chili.peppers","system.of.a.down","linkin.park","rammstein"
"seether","linkin.park","disturbed","slipknot","in.flames","system.of.a.down"
"serj.tankian","system.of.a.down","rammstein","linkin.park","die.toten.hosen","metallica"
"silverstein","linkin.park","atreyu","fall.out.boy","sum.41","billy.talent"
"simple.plan","linkin.park","sum.41","good.charlotte","billy.talent","avril.lavigne"
"slayer","metallica","rammstein","in.flames","amon.amarth","iron.maiden"
"slipknot","rammstein","system.of.a.down","disturbed","in.flames","metallica"
"snow.patrol","coldplay","the.killers","placebo","muse","bloc.party"
"soilwork","in.flames","disturbed","as.i.lay.dying","slipknot","heaven.shall.burn"
"sonata.arctica","nightwish","rammstein","linkin.park","evanescence","system.of.a.down"
"sonic.syndicate","killswitch.engage","disturbed","soilwork","as.i.lay.dying","slipknot"
"staind","system.of.a.down","papa.roach","slipknot","disturbed","linkin.park"
"stars","coldplay","bloc.party","arcade.fire","the.shins","interpol"
"stone.sour","system.of.a.down","linkin.park","slipknot","disturbed","the.offspring"
"subway.to.sally","in.extremo","rammstein","schandmaul","system.of.a.down","nightwish"
"sufjan.stevens","radiohead","death.cab.for.cutie","belle.and.sebastian","jose.gonzalez","elliott.smith"
"sum.41","linkin.park","blink.182","billy.talent","red.hot.chili.peppers","the.offspring"
"system.of.a.down","rammstein","red.hot.chili.peppers","linkin.park","metallica","billy.talent"
"tegan.and.sara","coldplay","kate.nash","feist","belle.and.sebastian","death.cab.for.cutie"
"tenacious.d","system.of.a.down","red.hot.chili.peppers","metallica","disturbed","muse"
"the.beatles","red.hot.chili.peppers","coldplay","jack.johnson","nirvana","the.doors"
"the.chemical.brothers","the.prodigy","daft.punk","deichkind","depeche.mode","bloc.party"
"the.clash","ramones","the.white.stripes","die.toten.hosen","dropkick.murphys","the.rolling.stones"
"the.cure","depeche.mode","radiohead","joy.division","the.beatles","coldplay"
"the.decemberists","radiohead","modest.mouse","the.shins","belle.and.sebastian","beirut"
"the.doors","the.beatles","red.hot.chili.peppers","jimi.hendrix","the.white.stripes","the.rolling.stones"
"the.fratellis","the.kooks","arctic.monkeys","beatsteaks","franz.ferdinand","the.killers"
"the.fray","coldplay","snow.patrol","the.kooks","mando.diao","foo.fighters"
"the.hives","arctic.monkeys","mando.diao","the.kooks","the.killers","the.white.stripes"
"the.killers","bloc.party","arctic.monkeys","coldplay","mando.diao","the.kooks"
"the.kooks","arctic.monkeys","the.killers","coldplay","mando.diao","bloc.party"
"the.libertines","babyshambles","the.kooks","franz.ferdinand","the.white.stripes","arctic.monkeys"
"the.national","arcade.fire","bloc.party","coldplay","interpol","death.cab.for.cutie"
"the.notwist","radiohead","death.cab.for.cutie","coldplay","bright.eyes","portishead"
"the.offspring","red.hot.chili.peppers","system.of.a.down","die.toten.hosen","billy.talent","metallica"
"the.postal.service","coldplay","death.cab.for.cutie","bloc.party","the.killers","the.strokes"
"the.prodigy","linkin.park","rammstein","daft.punk","peter.fox","the.chemical.brothers"
"the.pussycat.dolls","rihanna","britney.spears","christina.aguilera","beyonce","nelly.furtado"
"the.rolling.stones","the.beatles","red.hot.chili.peppers","bob.dylan","johnny.cash","coldplay"
"the.shins","radiohead","bloc.party","death.cab.for.cutie","arcade.fire","modest.mouse"
"the.smashing.pumpkins","radiohead","coldplay","nine.inch.nails","placebo","foo.fighters"
"the.smiths","radiohead","the.cure","belle.and.sebastian","sufjan.stevens","bloc.party"
"the.streets","arctic.monkeys","coldplay","the.killers","mgmt","radiohead"
"the.strokes","the.kooks","arctic.monkeys","kings.of.leon","bloc.party","coldplay"
"the.subways","the.kooks","arctic.monkeys","bloc.party","mando.diao","billy.talent"
"the.ting.tings","mgmt","the.killers","coldplay","the.wombats","kate.nash"
"the.used","linkin.park","my.chemical.romance","incubus","atreyu","bullet.for.my.valentine"
"the.white.stripes","arctic.monkeys","red.hot.chili.peppers","the.killers","mando.diao","nirvana"
"the.wombats","the.kooks","arctic.monkeys","the.killers","kate.nash","the.subways"
"thievery.corporation","massive.attack","air","morcheeba","portishead","goldfrapp"
"three.days.grace","linkin.park","papa.roach","evanescence","system.of.a.down","breaking.benjamin"
"timbaland","rihanna","justin.timberlake","kanye.west","linkin.park","nelly.furtado"
"tom.waits","the.beatles","radiohead","johnny.cash","bob.dylan","kings.of.leon"
"tool","system.of.a.down","a.perfect.circle","metallica","in.flames","incubus"
"tori.amos","placebo","alanis.morissette","depeche.mode","evanescence","the.smashing.pumpkins"
"travis","coldplay","the.killers","keane","r.e.m.","kaiser.chiefs"
"trivium","slipknot","disturbed","in.flames","metallica","as.i.lay.dying"
"u2","coldplay","depeche.mode","red.hot.chili.peppers","robbie.williams","linkin.park"
"underoath","atreyu","killswitch.engage","alexisonfire","enter.shikari","silverstein"
"volbeat","in.flames","metallica","rammstein","amon.amarth","die.toten.hosen"
"yann.tiersen","the.beatles","radiohead","sufjan.stevens","manu.chao","death.cab.for.cutie"
